driverId,name,sum-hours-logged,sum-miles-logged
11,Jamie Engesser,3642,179300
10,George Vetticaden,3232,147150
33,Sridhara Sabbella,2759,139285
25,Jean-Philippe Playe,2723,139180
39,David Kaiser,2745,138788
15,Rohit Bakshi,2734,138750
35,Emil Siemes,2728,138727
21,Jeff Markham,2751,138719
41,Greg Phillips,2723,138407
29,Teddy Choi,2760,138255
